<?xml version="1.0" encoding="UTF-8"?>
<!DOCTYPE bindings PUBLIC "-//NetBeans//DTD Editor KeyBindings settings 1.1//EN" "http://www.netbeans.org/dtds/EditorKeyBindings-1_1.dtd">
<bindings>
    <bind actionName="addCaretSelectNext" key="SD-DOWN"/>
    <bind actionName="copy-selection-else-line-down" key="D-D"/>
    <bind key="SD-KP_DOWN" remove="true"/>
    <bind key="D-J" remove="true"/>
    <bind key="S-SPACE" remove="true"/>
    <bind key="SD-UP" remove="true"/>
    <bind key="SD-KP_UP" remove="true"/>
    <bind key="S-F10" remove="true"/>
</bindings>
