<application>
  <component name="ProjectManager">
    <defaultProject>
      <component name="PropertiesComponent"><![CDATA[{
  "keyToString": {
    "settings.editor.selected.configurable": "preferences.pluginManager"
  }
}]]></component>
      <component name="WindowStateProjectService">
        <state x="469" y="187" key="SettingsEditor" timestamp="1751126172946">
          <screen x="0" y="32" width="1920" height="1048" />
        </state>
        <state x="469" y="187" key="SettingsEditor/0.32.1920.1048" timestamp="1751126172946" />
      </component>
    </defaultProject>
  </component>
</application>