<application>
  <component name="UpdatesConfigurable">
    <option name="LAST_BUILD_CHECKED" value="DB-251.26094.87" />
    <option name="LAST_TIME_CHECKED" value="1753698523779" />
    <option name="OBSOLETE_CUSTOM_REPOSITORIES_CLEAN_NEEDED" value="false" />
    <option name="PLUGINS_CHECK_NEEDED" value="false" />
    <option name="SHOW_WHATS_NEW_EDITOR" value="false" />
    <option name="THIRD_PARTY_PLUGINS_ALLOWED" value="true" />
    <option name="WHATS_NEW_SHOWN_FOR" value="251" />
  </component>
</application>