<application>
  <component name="DimensionService">
    <size key="GridCell.Tab.0.left.0.0.1920.1080" width="1546" height="306" />
    <size key="GridCell.Tab.0.center.0.0.1920.1080" width="1546" height="306" />
    <size key="GridCell.Tab.0.right.0.0.1920.1080" width="1546" height="306" />
    <size key="GridCell.Tab.0.bottom.0.0.1920.1080" width="1546" height="306" />
    <size key="GridCell.Tab.1.left.0.0.1920.1080" width="1546" height="341" />
    <size key="GridCell.Tab.1.center.0.0.1920.1080" width="1546" height="341" />
    <size key="GridCell.Tab.1.right.0.0.1920.1080" width="1546" height="341" />
    <size key="GridCell.Tab.1.bottom.0.0.1920.1080" width="1546" height="341" />
  </component>
  <component name="SingleStripeButtonsState">
    <id>Database</id>
    <id>Project</id>
    <id>Services</id>
  </component>
  <component name="WindowManager">
    <frame x="0" y="32" width="1920" height="1048" extendedState="6" />
  </component>
</application>