<?xml version="1.0" encoding="UTF-8"?>
<library xmlns="http://www.netbeans.org/ns/library-declaration/3" version="3.0">
    <name>JavaFx24</name>
    <type>j2se</type>
    <display-name>JavaFX24 </display-name>
    <volume>
        <type>classpath</type>
        <resource>jar:file:/home/hilman/Downloads/openjfx-24.0.1_linux-x64_bin-sdk/javafx-sdk-24.0.1/lib/javafx-swt.jar!/</resource>
        <resource>jar:file:/home/hilman/Downloads/openjfx-24.0.1_linux-x64_bin-sdk/javafx-sdk-24.0.1/lib/javafx.base.jar!/</resource>
        <resource>jar:file:/home/hilman/Downloads/openjfx-24.0.1_linux-x64_bin-sdk/javafx-sdk-24.0.1/lib/javafx.controls.jar!/</resource>
        <resource>jar:file:/home/hilman/Downloads/openjfx-24.0.1_linux-x64_bin-sdk/javafx-sdk-24.0.1/lib/javafx.fxml.jar!/</resource>
        <resource>jar:file:/home/hilman/Downloads/openjfx-24.0.1_linux-x64_bin-sdk/javafx-sdk-24.0.1/lib/javafx.graphics.jar!/</resource>
        <resource>jar:file:/home/hilman/Downloads/openjfx-24.0.1_linux-x64_bin-sdk/javafx-sdk-24.0.1/lib/javafx.media.jar!/</resource>
        <resource>jar:file:/home/hilman/Downloads/openjfx-24.0.1_linux-x64_bin-sdk/javafx-sdk-24.0.1/lib/javafx.swing.jar!/</resource>
        <resource>jar:file:/home/hilman/Downloads/openjfx-24.0.1_linux-x64_bin-sdk/javafx-sdk-24.0.1/lib/javafx.web.jar!/</resource>
        <resource>jar:file:/home/hilman/Downloads/openjfx-24.0.1_linux-x64_bin-sdk/javafx-sdk-24.0.1/lib/jdk.jsobject.jar!/</resource>
        <resource>jar:file:/home/hilman/Downloads/openjfx-24.0.1_linux-x64_bin-sdk/javafx-sdk-24.0.1/lib/jfx.incubator.input.jar!/</resource>
        <resource>jar:file:/home/hilman/Downloads/openjfx-24.0.1_linux-x64_bin-sdk/javafx-sdk-24.0.1/lib/jfx.incubator.richtext.jar!/</resource>
    </volume>
    <volume>
        <type>src</type>
    </volume>
    <volume>
        <type>javadoc</type>
    </volume>
    <volume>
        <type>maven-pom</type>
    </volume>
    <properties/>
</library>
