<?xml version="1.0" encoding="UTF-8"?>
<!DOCTYPE platform PUBLIC "-//NetBeans//DTD Java PlatformDefinition 1.0//EN" "http://www.netbeans.org/dtds/java-platformdefinition-1_0.dtd">
<platform default="no" name="JDK FX 24">
    <jdkhome>
        <resource>file:/opt/zulu/zulu24.32.13-ca-fx-jdk24.0.2-linux_x64/</resource>
    </jdkhome>
    <properties>
        <property name="platform.ant.name" value="JDK_FX_24"/>
    </properties>
    <sysproperties>
        <property name="file.encoding" value="UTF-8"/>
        <property name="file.separator" value="/"/>
        <property name="java.class.path" value=""/>
        <property name="java.class.version" value="68.0"/>
        <property name="java.home" value="/opt/zulu/zulu24.32.13-ca-fx-jdk24.0.2-linux_x64"/>
        <property name="java.io.tmpdir" value="/tmp"/>
        <property name="java.library.path" value="/usr/java/packages/lib:/usr/lib64:/lib64:/lib:/usr/lib"/>
        <property name="java.runtime.name" value="OpenJDK Runtime Environment"/>
        <property name="java.runtime.version" value="24.0.2+12"/>
        <property name="java.specification.name" value="Java Platform API Specification"/>
        <property name="java.specification.vendor" value="Oracle Corporation"/>
        <property name="java.specification.version" value="24"/>
        <property name="java.vendor" value="Azul Systems, Inc."/>
        <property name="java.vendor.url" value="http://www.azul.com/"/>
        <property name="java.vendor.url.bug" value="http://www.azul.com/support/"/>
        <property name="java.vendor.version" value="Zulu24.32+13-CA"/>
        <property name="java.version" value="24.0.2"/>
        <property name="java.version.date" value="2025-07-15"/>
        <property name="java.vm.compressedOopsMode" value="32-bit"/>
        <property name="java.vm.info" value="mixed mode, sharing"/>
        <property name="java.vm.name" value="OpenJDK 64-Bit Server VM"/>
        <property name="java.vm.specification.name" value="Java Virtual Machine Specification"/>
        <property name="java.vm.specification.vendor" value="Oracle Corporation"/>
        <property name="java.vm.specification.version" value="24"/>
        <property name="java.vm.vendor" value="Azul Systems, Inc."/>
        <property name="java.vm.version" value="24.0.2+12"/>
        <property name="jdk.debug" value="release"/>
        <property name="line.separator" value="&#10;"/>
        <property name="native.encoding" value="UTF-8"/>
        <property name="os.arch" value="amd64"/>
        <property name="os.name" value="Linux"/>
        <property name="os.version" value="6.14.0-27-generic"/>
        <property name="path.separator" value=":"/>
        <property name="stderr.encoding" value="UTF-8"/>
        <property name="stdout.encoding" value="UTF-8"/>
        <property name="sun.arch.data.model" value="64"/>
        <property name="sun.boot.library.path" value="/opt/zulu/zulu24.32.13-ca-fx-jdk24.0.2-linux_x64/lib"/>
        <property name="sun.cpu.endian" value="little"/>
        <property name="sun.io.unicode.encoding" value="UnicodeLittle"/>
        <property name="sun.java.command" value="J2SEPlatformProbe /tmp/nb-platformdetect6636386403015038692properties"/>
        <property name="sun.java.launcher" value="SUN_STANDARD"/>
        <property name="sun.jnu.encoding" value="UTF-8"/>
        <property name="sun.management.compiler" value="HotSpot 64-Bit Tiered Compilers"/>
        <property name="user.country" value="US"/>
        <property name="user.dir" value=""/>
        <property name="user.home" value="/home/ughway"/>
        <property name="user.language" value="en"/>
        <property name="user.name" value="ughway"/>
        <property name="user.timezone" value="Asia/Jakarta"/>
    </sysproperties>
</platform>
